"","Actual_Kwh","Predicted_Kwh","Residuals","Outliers"
"1",317,317.622394425019,0.622394425019422,""
"2",246,257.38875,11.3887499999999,""
"3",265,264.061333333333,0.938666666666677,""
"4",268,270.104916666667,2.10491666666667,""
"5",524,499.932146825397,24.0678531746032,""
"6",463,486.791646825397,23.7916468253968,""
"7",276,273.808041666667,2.19195833333345,""
"8",308,297.30337012987,10.6966298701298,""
"9",300,293.32287012987,6.67712987012976,""
"10",285,286.969452140452,1.96945214045212,""
"11",250,256.453135531136,6.4531355311355,""
"12",258,262.8965,4.8965,""
"13",277,285.001848484848,8.00184848484849,""
"14",281,286.276431818182,5.27643181818183,""
"15",295,287.521665945166,7.47833405483414,""
"16",289,285.283570707071,3.71642929292932,""
"17",287,286.246431818182,0.753568181818139,""
"18",549,530.7815,18.2184999999999,""
"19",524,530.742,6.74199999999985,""
"20",568,547.455857142857,20.5441428571429,""
"21",567,543.085976190476,23.9140238095239,""
"22",297,286.965370345054,10.0346296549455,""
"23",520,478.719,41.2810000000001,""
"24",466,451.9145,14.0855000000001,""
"25",419,421.711166666667,2.7111666666666,""
"26",274,277.21868627451,3.21868627450982,""
"27",537,529.791,7.20899999999983,""
"28",265,279.978166666667,14.9781666666667,""
"29",285,301.518611111111,16.518611111111,""
"30",263,276.758238095238,13.7582380952379,""
"31",353,327.848,25.1519999999999,""
"32",442,472.974333333333,30.9743333333333,""
"33",300,304.957710221409,4.95771022140912,""
"34",308,306.363663875598,1.63633612440185,""
"35",308,303.695470985155,4.30452901484483,""
"36",295,294.562535087719,0.437464912280632,""
"37",257,258.604375,1.60437500000006,""
"38",282,272.994738095238,9.00526190476194,""
"39",264,265.660238095238,1.66023809523807,""
"40",261,265.306904761905,4.30690476190478,""
"41",263,261.373288165266,1.62671183473378,""
"42",306,305.504599376114,0.495400623885928,""
"43",257,256.749166666667,0.250833333333333,""
"44",259,257.253126984127,1.74687301587301,""
"45",283,288.435185770473,5.43518577047331,""
"46",346,319.814752801121,26.1852471988795,""
"47",582,537.728611111111,44.2713888888889,""
"48",522,516.117777777778,5.88222222222214,""
"49",498,505.197070028011,7.19707002801124,""
"50",285,284.588416666667,0.411583333333397,""
"51",259,271.233476190476,12.2334761904762,""
"52",309,306.618598039216,2.38140196078422,""
"53",263,261.336166666667,1.6638333333334,""
"54",506,516.268333333333,10.2683333333332,""
"55",258,262.122333333333,4.12233333333324,""
"56",480,487.015,7.0150000000001,""
"57",251,257.508214285714,6.5082142857143,""
"58",581,528.011456372575,52.9885436274252,""
"59",387,390.583583374196,3.58358337419634,""
"60",249,253.222047619048,4.22204761904766,""
"61",257,259.386380952381,2.3863809523811,""
"62",470,479.166355889724,9.16635588972429,""
"63",250,251.196590909091,1.19659090909082,""
"64",243,244.84481092437,1.84481092436977,""
"65",287,283.516684012356,3.48331598764355,""
"66",278,281.726481146595,3.72648114659484,""
"67",247,248.687583333333,1.68758333333338,""
"68",600,565.438273809524,34.5617261904762,""
"69",275,288.482234848485,13.4822348484849,""
"70",267,278.872666666667,11.8726666666668,""
"71",251,255.469803921569,4.46980392156854,""
"72",550,549.378833333333,0.621166666666568,""
"73",572,533.312666666667,38.6873333333333,""
"74",364,350.612270426065,13.387729573935,""
"75",252,259.37868627451,7.37868627450985,""
"76",251,250.465470588235,0.534529411764737,""
"77",246,250.777970588235,4.77797058823526,""
"78",536,547.7865,11.7865,""
"79",497,471.634047619048,25.3659523809524,""
"80",418,428.214166666667,10.2141666666668,""
"81",367,352.871937092732,14.1280629072683,""
"82",336,325.477547619048,10.5224523809524,""
"83",249,252.136803921569,3.13680392156868,""
"84",542,539.232666666667,2.76733333333323,""
"85",565,564.848666666667,0.151333333333355,""
"86",270,278.777083333333,8.77708333333334,""
"87",253,263.02025,10.02025,""
"88",421,420.421666666667,0.578333333333262,""
"89",331,330.349738095238,0.650261904761919,""
"90",416,404.983067476383,11.0169325236167,""
"91",242,243.547177966102,1.54717796610169,""
"92",291,290.119078144078,0.88092185592177,""
"93",288,286.737967032967,1.26203296703295,""
"94",249,255.6365,6.63649999999998,""
"95",249,247.010344632768,1.98965536723162,""
"96",288,297.217764353233,9.21776435323278,""
"97",278,280.604881615478,2.60488161547801,""
"98",281,282.892155425002,1.89215542500182,""
"99",273,276.359987357775,3.35998735777497,""
"100",259,258.681408603196,0.318591396803868,""
"101",242,247.395584733894,5.39558473389354,""
"102",279,277.891468917065,1.10853108293469,""
"103",243,244.332833333333,1.33283333333335,""
"104",554,532.917071428571,21.0829285714286,""
"105",609,542.764404761905,66.2355952380954,""
"106",544,499.902619047619,44.0973809523809,""
"107",517,472.283611584933,44.7163884150674,""
"108",365,352.771476190476,12.2285238095238,""
"109",335,323.843815789474,11.1561842105264,""
"110",241,241.249333333333,0.249333333333425,""
"111",317,302.780586134454,14.2194138655462,""
"112",427,447.731571428571,20.7315714285713,""
"113",497,511.703755411255,14.7037554112554,""
"114",413,432.002571428571,19.0025714285715,""
"115",266,262.3315,3.66849999999999,""
"116",432,429.862166666667,2.13783333333333,""
"117",585,545.3435,39.6565000000003,""
"118",365,361.2481,3.75189999999998,""
"119",269,271.322,2.32199999999995,""
"120",259,259.624666666667,0.624666666666656,""
"121",247,252.964642857143,5.96464285714293,""
"122",253,252.308476190476,0.691523809523716,""
"123",559,527.765920634921,31.2340793650794,""
"124",539,535.648642857143,3.35135714285718,""
"125",521,489.4765,31.5235,""
"126",251,254.197666666667,3.19766666666663,""
"127",569,544.940972222222,24.0590277777777,""
"128",576,540.992194444445,35.0078055555555,""
"129",546,530.981388888889,15.018611111111,""
"130",320,317.683578754579,2.31642124542117,""
"131",277,279.55653968254,2.55653968253972,""
"132",252,261.122523809524,9.12252380952384,""
"133",290,295.005353822648,5.00535382264786,""
"134",286,291.950406343656,5.95040634365625,""
"135",247,250.753474358974,3.75347435897436,""
"136",295,292.126275594993,2.87372440500678,""
"137",288,285.266542698428,2.73345730157234,""
"138",244,248.486166666667,4.48616666666669,""
"139",256,248.8395,7.16049999999993,""
"140",265,255.894,9.10600000000002,""
"141",251,255.498833333333,4.49883333333338,""
"142",526,549.071452380952,23.0714523809525,""
"143",493,486.005873489694,6.99412651030559,""
"144",383,360.1216,22.8783999999999,""
"145",345,345.739543062201,0.739543062200994,""
"146",292,284.891367003367,7.1086329966331,""
"147",257,260.8175,3.81749999999994,""
"148",592,570.476476190476,21.5235238095238,""
"149",571,553.652142857143,17.3478571428572,""
"150",260,259.809166666667,0.19083333333333,""
"151",276,278.08319047619,2.08319047619045,""
"152",264,262.2715,1.72850000000005,""
"153",472,480.09930952381,8.09930952380955,""
"154",547,547.013666666667,0.0136666666667224,""
"155",530,539.3865,9.38650000000007,""
"156",260,266.725579365079,6.7255793650794,""
"157",482,490.295464285714,8.29546428571427,""
"158",569,551.208669799499,17.7913302005013,""
"159",245,247.265058918483,2.26505891848257,""
"160",288,291.277301424942,3.27730142494249,""
"161",283,291.924311789088,8.92431178908805,""
"162",274,281.73006043956,7.73006043956042,""
"163",261,253.700469632768,7.29953036723157,""
"164",295,290.120468091609,4.87953190839085,""
"165",284,286.000358825283,2.00035882528323,""
"166",294,285.005358825283,8.99464117471672,""
"167",583,501.266091202835,81.7339087971648,""
"168",516,507.750166666667,8.2498333333333,""
"169",246,247.872682539683,1.87268253968259,""
"170",502,483.44825,18.55175,""
"171",444,439.106641025641,4.89335897435888,""
"172",376,362.630576190476,13.3694238095237,""
"173",258,256.425888888889,1.57411111111111,""
"174",277,280.543333333333,3.54333333333324,""
"175",515,495.54655952381,19.4534404761904,""
"176",257,259.164214285714,2.16421428571431,""
"177",282,277.948560606061,4.0514393939394,""
"178",446,449.038893939394,3.0388939393938,""
"179",578,564.103333333333,13.8966666666668,""
"180",261,259.975619047619,1.02438095238102,""
"181",420,437.937833333333,17.9378333333334,""
"182",263,272.725071428571,9.72507142857137,""
"183",260,272.823476190476,12.8234761904761,""
"184",260,262.908119047619,2.9081190476191,""
"185",487,487.021571428572,0.0215714285715762,""
"186",298,291.41866302411,6.58133697588966,""
"187",276,285.356730190862,9.35673019086181,""
"188",246,250.897511904762,4.8975119047619,""
"189",260,260.095667832168,0.0956678321678623,""
"190",281,284.614801132976,3.61480113297569,""
"191",284,284.165301132976,0.165301132975571,""
"192",286,284.773563037737,1.22643696226254,""
"193",285,280.423729704404,4.57627029559586,""
"194",287,282.233396371071,4.7666036289292,""
"195",279,279.904261904762,0.904261904761881,""
"196",276,277.053428571429,1.05342857142853,""
"197",248,247.322,0.678000000000026,""
"198",249,249.233666666667,0.233666666666721,""
"199",523,541.274666666667,18.2746666666668,""
"200",570,557.85,12.1499999999997,""
"201",243,250.799833333333,7.79983333333331,""
"202",246,251.305666666667,5.30566666666658,""
"203",249,254.08655952381,5.08655952380951,""
"204",600,563.7525,36.2474999999999,""
"205",293,288.070622294372,4.92937770562776,""
"206",489,481.037392857143,7.96260714285711,""
"207",266,269.980666666667,3.98066666666659,""
"208",265,270.098,5.09799999999996,""
"209",285,278.484357142857,6.51564285714289,""
"210",263,267.575,4.57499999999993,""
"211",323,325.831931372549,2.83193137254898,""
"212",267,268.434261904762,1.43426190476185,""
"213",562,526.025377977464,35.9746220225361,""
"214",278,281.037523809524,3.03752380952369,""
"215",340,336.626098039216,3.37390196078422,""
"216",464,449.906833333333,14.0931666666667,""
"217",267,267.621,0.620999999999924,""
"218",360,378.342,18.342,""
"219",330,337.549,7.54900000000009,""
"220",252,251.878255952381,0.121744047619075,""
"221",256,251.504666666667,4.49533333333338,""
"222",290,290.253212885154,0.253212885154028,""
"223",245,251.613371794872,6.61337179487185,""
"224",256,254.562799242424,1.43720075757582,""
"225",291,299.710989009288,8.71098900928786,""
"226",285,284.648108825283,0.351891174716741,""
"227",278,283.071360089186,5.0713600891861,""
"228",242,247.260191876751,5.26019187675072,""
"229",246,252.600658353446,6.60065835344597,""
"230",282,280.55877601839,1.44122398161022,""
"231",578,555.375666666667,22.6243333333333,""
"232",564,544.524833333333,19.4751666666667,""
"233",470,472.332992537313,2.33299253731349,""
"234",248,248.292218864469,0.29221886446885,""
"235",418,430.727388888889,12.7273888888889,""
"236",486,474.719083333333,11.2809166666668,""
"237",563,550.453166666667,12.5468333333334,""
"238",260,260.675166666667,0.675166666666598,""
"239",260,263.863,3.86300000000006,""
"240",272,268.315333333333,3.68466666666677,""
"241",545,536.9725,8.02750000000003,""
"242",281,293.325833333333,12.3258333333333,""
"243",280,275.198166666667,4.80183333333332,""
"244",267,270.853576923077,3.85357692307684,""
"245",548,532.804227272727,15.1957727272726,""
"246",574,548.853,25.147,""
"247",468,458.332083333333,9.66791666666671,""
"248",338,333.168793650794,4.83120634920635,""
"249",260,260.6995,0.6995,""
"250",253,253.130606060606,0.130606060606056,""
"251",569,528.089253968254,40.910746031746,""
"252",539,521.898420634921,17.1015793650793,""
"253",323,315.036435897436,7.96356410256408,""
"254",280,274.529923913044,5.47007608695645,""
"255",324,305.831772727273,18.1682272727272,""
"256",551,522.235301587302,28.7646984126984,""
"257",258,257.337208333333,0.662791666666635,""
"258",299,298.579850855203,0.42014914479671,""
"259",295,293.259146140176,1.74085385982357,""
"260",250,256.745875,6.74587500000007,""
"261",257,260.262946428571,3.26294642857141,""
"262",295,296.987635476262,1.98763547626174,""
"263",283,287.98058259587,4.9805825958702,""
"264",291,288.716415929204,2.28358407079645,""
"265",286,296.388499262537,10.3884992625369,""
"266",291,299.740749262537,8.74074926253684,""
"267",292,298.326915929204,6.32691592920355,""
"268",293,287.537056954845,5.46294304515544,""
"269",246,251.526011904762,5.52601190476184,""
"270",278,270.427693706981,7.5723062930187,""
"271",274,272.80091025641,1.19908974358981,""
"272",286,286.99508259587,0.995082595870201,""
"273",565,545.654277777778,19.3457222222222,""
"274",499,501.408,2.40800000000002,""
"275",437,433.971141025641,3.02885897435897,""
"276",366,356.147976190476,9.85202380952381,""
"277",274,267.633564102564,6.36643589743596,""
"278",465,458.066654761905,6.93334523809534,""
"279",258,260.169666666667,2.16966666666661,""
"280",280,282.608418590669,2.60841859066858,""
"281",258,268.032733333333,10.0327333333334,""
"282",259,259.746666666667,0.74666666666667,""
"283",321,324.882098039216,3.88209803921569,""
"284",474,474.834809523809,0.83480952380944,""
"285",259,256.5865,2.4135,""
"286",564,542.077393939394,21.9226060606062,""
"287",423,410.043212454212,12.9567875457876,""
"288",250,264.718333333333,14.7183333333333,""
"289",403,416.2455,13.2455000000002,""
"290",330,342.69780952381,12.6978095238096,""
"291",413,443.227666666666,30.2276666666665,""
"292",285,280.425451690821,4.57454830917879,""
"293",324,315.872333333333,8.12766666666664,""
"294",430,399.962611111111,30.0373888888889,""
"295",252,256.613404761905,4.61340476190469,""
"296",289,293.20575051877,4.20575051877006,""
"297",255,258.437819131161,3.43781913116129,""
"298",250,254.548642857143,4.54864285714288,""
"299",274,271.676400056188,2.32359994381233,""
"300",263,258.972878787879,4.02712121212119,""
"301",263,265.011076923077,2.01107692307687,""
"302",337,328.758880952381,8.24111904761907,""
"303",249,253.715333333333,4.71533333333332,""
"304",253,256.204,3.20399999999995,""
"305",314,314.65625280112,0.656252801120445,""
"306",420,447.040833333333,27.0408333333334,""
"307",579,563.131285714286,15.8687142857144,""
"308",258,253.868833333333,4.13116666666664,""
"309",290,288.845705627705,1.15429437229454,""
"310",261,256.844666666667,4.15533333333332,""
"311",258,263.209666666667,5.20966666666669,""
"312",552,539.604,12.396,""
"313",362,345.94426566416,16.0557343358395,""
"314",325,323.912764705882,1.08723529411765,""
"315",531,533.014666666667,2.0146666666667,""
"316",256,258.739333333333,2.73933333333332,""
"317",543,531.454166666667,11.5458333333333,""
"318",570,548.622166666667,21.3778333333335,""
"319",556,526.12025,29.8797499999999,""
"320",329,332.172888888889,3.17288888888891,""
"321",263,262.9495,0.0504999999999427,""
"322",266,265.007958499802,0.992041500198184,""
"323",264,265.617444444444,1.61744444444446,""
"324",273,271.042833333333,1.95716666666669,""
"325",255,254.868465909091,0.131534090909128,""
"326",293,295.476361932361,2.4763619323615,""
"327",302,296.905212809554,5.09478719044563,""
"328",251,254.393132575758,3.39313257575759,""
"329",280,270.546493734336,9.45350626566415,""
"330",261,258.768033416876,2.23196658312446,""
"331",264,263.787376165501,0.2126238344988,""
"332",277,279.248833333333,2.24883333333327,""
"333",294,293.44616555145,0.553834448550276,""
"334",284,295.96058259587,11.9605825958702,""
"335",287,288.749333333333,1.74933333333337,""
"336",291,298.688583333333,7.68858333333338,""
"337",280,282.373249262537,2.37324926253694,""
"338",257,253.782680735931,3.21731926406926,""
"339",274,271.389826923077,2.6101730769231,""
"340",288,289.825915929204,1.82591592920352,""
"341",548,550.960361111111,2.96036111111118,""
"342",279,275.979345238095,3.02065476190478,""
"343",265,271.003,6.00299999999993,""
"344",316,315.559147245565,0.440852754435014,""
"345",264,262.797095238095,1.20290476190473,""
"346",540,554.30325,14.3032499999999,""
"347",508,518.359166666667,10.3591666666666,""
"348",272,282.125833333333,10.1258333333333,""
"349",436,436.356833333333,0.356833333333441,""
"350",258,256.776263157895,1.22373684210532,""
"351",566,494.823096491228,71.1769035087719,""
"352",538,490.069929824561,47.9300701754386,""
"353",490,475.823763157895,14.1762368421053,""
"354",288,303.498556087188,15.4985560871877,""
"355",266,292.244429824561,26.2444298245614,""
"356",468,470.942013157895,2.94201315789462,""
"357",257,261.294833333333,4.29483333333326,""
"358",579,534.934,44.0660000000003,""
"359",549,537.351416666667,11.6485833333334,""
"360",421,427.001333333333,6.00133333333343,""
"361",255,271.470833333333,16.4708333333333,""
"362",567,539.227630952381,27.7723690476191,""
"363",467,476.784384920635,9.78438492063492,""
"364",365,367.456822722567,2.45682272256732,""
"365",264,264.773173913043,0.773173913043479,""
"366",291,295.07143985712,4.07143985711997,""
"367",295,294.856560177975,0.143439822024504,""
"368",295,293.482326844642,1.51767315535778,""
"369",279,286.011825867398,7.0118258673981,""
"370",267,270.491932330827,3.49193233082701,""
"371",255,255.982340909091,0.982340909090965,""
"372",267,263.499751165501,3.50024883449879,""
"373",284,292.204355620155,8.20435562015507,""
"374",293,286.964904639763,6.03509536023716,""
"375",290,286.134737973096,3.86526202690379,""
"376",255,250.83802963703,4.16197036297035,""
"377",253,253.665928571429,0.66592857142868,""
"378",544,469.431027100271,74.568972899729,""
"379",595,494.869971544715,100.130028455285,""
"380",595,517.6895,77.3104999999999,""
"381",568,516.031333333333,51.9686666666668,""
"382",515,491.597666666667,23.4023333333334,""
"383",333,331.172441558442,1.82755844155844,""
"384",237,245.980166666667,8.98016666666666,""
"385",508,499.773666666667,8.2263333333334,""
"386",543,558.259666666667,15.2596666666666,""
"387",464,469.473880952381,5.47388095238108,""
"388",358,351.15976566416,6.84023433583957,""
"389",260,258.678666666667,1.32133333333331,""
"390",290,284.565069131161,5.43493086883876,""
"391",462,469.175916666667,7.17591666666669,""
"392",525,536.7775,11.7775,""
"393",352,350.995598997494,1.00440100250637,""
"394",288,283.307955627706,4.69204437229439,""
"395",523,497.934405755242,25.0655942447583,""
"396",524,527.170761904762,3.170761904762,""
"397",473,518.606833333333,45.6068333333335,""
"398",255,266.041416666667,11.0414166666667,""
"399",257,265.010027777778,8.01002777777785,""
"400",260,259.291666666667,0.708333333333314,""
"401",274,268.8275,5.17250000000001,""
"402",258,254.972833333333,3.02716666666666,""
"403",296,315.540591503268,19.5405915032679,""
"404",264,263.2455,0.754500000000064,""
"405",259,257.431708333333,1.56829166666671,""
"406",253,257.347208333333,4.34720833333336,""
"407",298,296.937594988263,1.06240501173676,""
"408",260,258.825485569986,1.17451443001443,""
"409",255,243.438583333333,11.5614166666667,""
"410",257,259.927281842818,2.92728184281839,""
"411",251,260.885670731707,9.88567073170736,""
"412",287,279.694864454651,7.30513554534895,""
"413",250,252.561976190476,2.56197619047612,""
"414",257,252.634833333333,4.36516666666677,""
"415",297,280.703222222222,16.2967777777778,""
"416",273,303.212836134454,30.2128361344538,""
"417",286,326.275333333333,40.2753333333333,""
"418",255,251.712666666667,3.28733333333338,""
"419",543,534.225833333333,8.77416666666659,""
"420",507,523.766571428572,16.7665714285715,""
"421",338,332.372880952381,5.62711904761903,""
"422",275,275.267,0.267000000000053,""
"423",296,317.200174085392,21.2001740853919,""
"424",409,426.638222222222,17.6382222222222,""
"425",529,515.374,13.6259999999999,""
"426",551,535.491833333333,15.5081666666667,""
"427",541,538.972333333333,2.02766666666651,""
"428",507,530.908404761905,23.9084047619049,""
"429",424,457.705325870647,33.7053258706466,""
"430",258,260.393214285714,2.39321428571435,""
"431",263,259.505642857143,3.4943571428571,""
"432",452,479.416976190476,27.4169761904762,""
"433",265,266.830166666667,1.83016666666657,""
"434",568,538.206,29.794,""
"435",271,273.644833333333,2.64483333333334,""
"436",554,497.11387630662,56.8861236933798,""
"437",262,262.3335,0.333500000000072,""
"438",546,540.242733652313,5.75726634768728,""
"439",317,315.530166666667,1.46983333333333,""
"440",274,272.775166666667,1.22483333333338,""
"441",263,264.1035,1.1035,""
"442",265,260.887,4.11299999999994,""
"443",272,266.421666666667,5.57833333333338,""
"444",288,293.284671817114,5.28467181711397,""
"445",302,295.152177419355,6.84782258064524,""
"446",308,297.921177419355,10.0788225806452,""
"447",250,253.708677489178,3.70867748917755,""
"448",250,251.1355,1.13550000000004,""
"449",272,275.8255,3.82549999999998,""
"450",290,295.50814800759,5.50814800759014,""
"451",286,286.069106162465,0.0691061624649478,""
"452",286,289.525106162465,3.52510616246491,""
"453",289,287.347272829132,1.65272717086839,""
"454",292,287.904772829132,4.09522717086838,""
"455",292,288.924155182073,3.07584481792719,""
"456",281,291.727714005602,10.7277140056023,""
"457",251,255.748283625731,4.74828362573098,""
"458",287,287.105057142857,0.105057142857106,""
"459",415,429.720435897436,14.7204358974359,""
"460",250,251.659952380952,1.65995238095226,""
"461",445,470.90155952381,25.9015595238096,""
"462",576,542.940666666667,33.0593333333333,""
"463",536,530.2235,5.77650000000006,""
"464",328,330.683012987013,2.683012987013,""
"465",425,420.584164835165,4.41583516483507,""
"466",274,274.248865162907,0.248865162907293,""
"467",519,515.532166666667,3.46783333333326,""
"468",570,543.838666666667,26.1613333333332,""
"469",428,421.53769047619,6.46230952380955,""
"470",446,422.982174603175,23.0178253968253,""
"471",467,473.370726190476,6.37072619047626,""
"472",550,550.552210678211,0.552210678210713,""
"473",410,428.545738095238,18.5457380952381,""
"474",339,327.124333333333,11.8756666666666,""
"475",476,482.629357142857,6.62935714285726,""
"476",259,261.778246498599,2.77824649859934,""
"477",302,317.27155223453,15.27155223453,""
"478",262,261.571246498599,0.428753501400593,""
"479",262,264.623897435897,2.62389743589739,""
"480",250,254.225666666667,4.22566666666663,""
"481",285,282.759595238095,2.2404047619047,""
"482",264,263.788505847953,0.211494152046669,""
"483",255,256.684166666667,1.68416666666661,""
"484",271,276.432625,5.43262500000003,""
"485",575,556.446277777778,18.5537222222224,""
"486",253,258.0837,5.08370000000008,""
"487",574,547.061,26.9390000000001,""
"488",450,433.180458333333,16.8195416666669,""
"489",277,282.915,5.91499999999996,""
"490",277,274.799333333333,2.20066666666673,""
"491",439,456.649196969697,17.649196969697,""
"492",563,536.455777777778,26.5442222222223,""
"493",540,538.314241935484,1.68575806451611,""
"494",286,276.048666666667,9.95133333333331,""
"495",263,264.891888888889,1.89188888888884,""
"496",438,440.648666666667,2.64866666666671,""
"497",266,261.719833333333,4.28016666666667,""
"498",536,534.739853046595,1.26014695340507,""
"499",285,284.454836746587,0.545163253413307,""
"500",263,268.544666666667,5.54466666666667,""
"501",400,443.709404761905,43.7094047619046,""
"502",265,265.105333333333,0.105333333333306,""
"503",459,473.344956349206,14.3449563492063,""
"504",385,414.679842105263,29.6798421052632,""
"505",351,369.734130952381,18.7341309523809,""
"506",308,316.745673992674,8.74567399267403,""
"507",263,262.053722222222,0.946277777777709,""
"508",468,467.817047619048,0.182952380952202,""
"509",290,289.852521381886,0.147478618113894,""
"510",281,280.902722222222,0.0972777777777765,""
"511",250,251.503541666667,1.50354166666665,""
"512",284,295.253370588235,11.2533705882353,""
"513",260,272.111774509804,12.1117745098039,""
"514",235,240.527049019608,5.52704901960783,""
"515",250,253.646742424242,3.6467424242424,""
"516",279,283.131648550725,4.13164855072466,""
"517",249,245.068428571429,3.93157142857143,""
"518",242,244.984261904762,2.98426190476195,""
"519",570,554.225666666667,15.7743333333333,""
"520",417,420.2625,3.26250000000005,""
"521",278,267.499833333333,10.5001666666668,""
"522",382,355.924537493158,26.0754625068418,""
"523",261,267.136166666667,6.13616666666661,""
"524",306,291.622217988152,14.3777820118477,""
"525",440,441.7195,1.71950000000004,""
"526",532,532.66753030303,0.667530303030389,""
"527",273,269.492166666667,3.50783333333345,""
"528",536,533.286166666667,2.71383333333335,""
"529",534,530.1675,3.83249999999998,""
"530",523,514.0165,8.98349999999982,""
"531",511,477.046333333333,33.9536666666666,""
"532",292,281.704333333333,10.2956666666666,""
"533",269,277.566166666667,8.56616666666667,""
"534",542,527.134,14.8660000000001,""
"535",484,473.2545,10.7455000000001,""
"536",357,354.702622807018,2.29737719298237,""
"537",323,340.394198412698,17.3941984126985,""
"538",259,271.6799,12.6799,""
"539",277,268.0425,8.95749999999998,""
"540",281,274.0305,6.96949999999998,""
"541",526,520.901884920635,5.09811507936513,""
"542",379,367.165964285714,11.8340357142857,""
"543",262,263.340055555556,1.34005555555564,""
"544",280,281.327861111111,1.32786111111108,""
"545",261,263.109650793651,2.10965079365081,""
"546",257,266.7055,9.70550000000003,""
"547",334,335.638944444445,1.63894444444458,""
"548",531,528.480785714286,2.5192142857145,""
"549",307,292.9615,14.0384999999999,""
"550",296,297.9100475309,1.9100475309005,""
"551",256,258.264583333333,2.26458333333335,""
"552",255,259.483,4.48300000000006,""
"553",286,291.701231711916,5.70123171191551,""
"554",289,286.444729691877,2.55527030812323,""
"555",264,257.16617251462,6.8338274853802,""
"556",273,282.362680672269,9.36268067226888,""
"557",285,290.550047188106,5.55004718810602,""
"558",525,528.463186379928,3.46318637992817,""
"559",408,407.174523809524,0.825476190476195,""
"560",248,255.139033333333,7.13903333333334,""
"561",280,283.93316045991,3.93316045991037,""
"562",269,262.675040909091,6.32495909090909,""
"563",350,328.825619467787,21.1743805322129,""
"564",539,528.838468253968,10.1615317460316,""
"565",260,277.313956709957,17.3139567099568,""
"566",260,260.968596491228,0.968596491228027,""
"567",316,322.199596491228,6.19959649122802,""
"568",320,329.471596491228,9.47159649122796,""
"569",321,331.339929824561,10.3399298245614,""
"570",300,323.818219298246,23.8182192982457,""
"571",295,314.621239348371,19.621239348371,""
"572",256,262.650763157895,6.65076315789474,""
"573",321,334.816263157895,13.8162631578948,""
"574",521,527.624654633897,6.62465463389663,""
"575",451,437.294928571428,13.7050714285716,""
"576",498,474.981923558897,23.0180764411027,""
"577",259,261.767,2.767,""
"578",511,525.971801587301,14.9718015873015,""
"579",500,510.941301587301,10.9413015873014,""
"580",443,469.161647741148,26.1616477411476,""
"581",381,417.316188259109,36.3161882591093,""
"582",362,366.853916666667,4.85391666666669,""
"583",258,261.656333333333,3.65633333333329,""
"584",259,278.603111111111,19.6031111111111,""
"585",270,264.282794871795,5.71720512820514,""
"586",256,261.399777777778,5.39977777777784,""
"587",422,424.673142857143,2.67314285714298,""
"588",298,290.184881628176,7.81511837182438,""
"589",253,253.473632575758,0.473632575757534,""
"590",286,288.21274122807,2.21274122807017,""
"591",272,280.074134843383,8.07413484338275,""
"592",253,250.891,2.10900000000001,""
"593",243,256.446666666667,13.4466666666668,""
"594",535,534.853241935484,0.146758064516234,""
"595",537,524.070611111111,12.929388888889,""
"596",498,492.3385,5.66150000000016,""
"597",257,253.953226190476,3.04677380952384,""
"598",533,526.677166666667,6.32283333333316,""
"599",527,506.495944444444,20.5040555555555,""
"600",346,348.746702716823,2.74670271682339,""
"601",243,261.201777777778,18.2017777777778,""
"602",264,260.458166666667,3.54183333333327,""
"603",281,283.545,2.54500000000002,""
"604",257,265.335166666667,8.33516666666668,""
"605",252,262.242166666667,10.2421666666667,""
"606",326,325.717888888889,0.282111111111135,""
"607",326,339.191880952381,13.1918809523809,""
"608",262,301.170666666667,39.1706666666666,""
"609",233,237.525098675834,4.52509867583402,""
"610",354,375.92975,21.92975,""
"611",236,241.907386554622,5.90738655462181,""
"612",234,237.49855675398,3.49855675398041,""
"613",275,290.375802054155,15.375802054155,""
"614",284,292.938079831933,8.93807983193273,""
"615",281,287.212246498599,6.21224649859937,""
"616",284,291.051305057158,7.05130505715795,""
"617",274,287.838003469856,13.8380034698563,""
"618",274,277.241833333333,3.24183333333332,""
"619",272,280.996791666667,8.99679166666664,""
"620",234,239.715166666667,5.7151666666667,""
"621",272,276.828808300395,4.82880830039522,""
"622",270,276.572820205157,6.57282020515714,""
"623",281,277.083320205157,3.91667979484288,""
"624",276,276.012780522617,0.0127805226174473,""
"625",251,262.005340909091,11.0053409090909,""
"626",235,240.018833333333,5.01883333333339,""
"627",250,246.219555555556,3.78044444444447,""
"628",259,261.9755,2.97550000000001,""
"629",266,273.87408277592,7.87408277591976,""
"630",236,237.559738095238,1.55973809523809,""
"631",512,497.352096491228,14.647903508772,""
"632",496,467.214231829574,28.7857681704261,""
"633",420,400.546619047619,19.4533809523809,""
"634",329,311.723666666667,17.2763333333334,""
"635",241,248.994833333333,7.99483333333328,""
"636",450,480.796666666667,30.7966666666666,""
"637",246,247.964078431373,1.96407843137266,""
"638",545,528.093666666667,16.9063333333332,""
"639",512,511.463611111111,0.53638888888878,""
"640",252,247.859666666667,4.14033333333333,""
"641",269,257.097666666667,11.9023333333334,""
"642",423,421.996619047619,1.00338095238095,""
"643",452,476.187833333333,24.1878333333333,""
"644",521,525.473241935484,4.47324193548388,""
"645",500,478.335537037037,21.664462962963,""
"646",246,242.260333333333,3.73966666666661,""
"647",268,282.608833333333,14.6088333333333,""
"648",255,256.725561904762,1.72556190476183,""
"649",251,242.169833333333,8.83016666666666,""
"650",253,253.596666666667,0.596666666666607,""
"651",439,419.351333333333,19.6486666666667,""
"652",462,462.866,0.865999999999929,""
"653",497,496.199666666667,0.800333333333356,""
"654",492,519.080551282051,27.0805512820511,""
"655",461,445.931321597143,15.0686784028574,""
"656",416,407.705765567766,8.29423443223436,""
"657",260,276.108611111111,16.108611111111,""
"658",267,258.022,8.97799999999989,""
"659",389,420.753119047619,31.7531190476189,""
"660",274,269.941666666667,4.05833333333334,""
"661",311,321.733888888889,10.7338888888889,""
"662",273,281.485062111801,8.48506211180126,""
"663",261,260.465260869565,0.534739130434843,""
"664",266,290.355380952381,24.3553809523809,""
"665",255,259.993594202899,4.99359420289858,""
"666",260,256.09262810559,3.90737189441001,""
"667",252,258.97162810559,6.97162810559001,""
"668",257,264.555212121212,7.55521212121215,""
"669",536,535.668763157895,0.331236842105227,""
"670",519,510.043263157895,8.95673684210522,""
"671",253,263.150101139601,10.1501011396012,""
"672",260,274.412944444444,14.4129444444445,""
"673",471,473.57180952381,2.57180952380958,""
"674",524,525.759666666667,1.7596666666667,""
"675",499,497.018166666667,1.98183333333327,""
"676",272,275.242780952381,3.24278095238088,""
"677",319,322.684166666667,3.68416666666667,""
"678",262,267.794333333333,5.79433333333333,""
"679",267,266.724833333333,0.275166666666678,""
"680",410,432.628166666667,22.6281666666666,""
"681",243,246.886411764706,3.88641176470588,""
"682",264,263.789583333333,0.210416666666731,""
"683",258,255.98975,2.01024999999998,""
"684",303,319.419136363636,16.4191363636363,""
"685",429,434.952421911422,5.95242191142194,""
"686",313,311.155333333333,1.84466666666663,""
"687",313,324.498696078431,11.4986960784313,""
"688",243,250.934833333333,7.93483333333342,""
"689",256,264.214929971989,8.21492997198879,""
"690",277,260.483036032595,16.5169639674051,""
"691",294,288.73377732888,5.26622267111975,""
"692",285,294.002608058608,9.00260805860802,""
"693",281,284.919026007326,3.91902600732601,""
"694",272,277.946992673993,5.94699267399267,""
"695",537,534.886596491228,2.11340350877197,""
"696",442,437.109992537313,4.89000746268664,""
"697",416,402.307666666667,13.6923333333332,""
"698",351,344.162380952381,6.83761904761917,""
"699",246,253.046116883117,7.04611688311692,""
"700",286,282.039333333333,3.96066666666667,""
"701",286,281.798777777778,4.20122222222221,""
"702",533,523.093956043956,9.90604395604396,""
"703",557,531.878166666667,25.1218333333331,""
"704",521,515.6545,5.34550000000013,""
"705",491,461.933916666667,29.0660833333334,""
"706",290,285.508444444444,4.49155555555558,""
"707",291,288.268444444444,2.73155555555553,""
"708",552,534.459404761905,17.5405952380952,""
"709",512,517.367166666667,5.36716666666666,""
"710",482,464.963803258145,17.0361967418547,""
"711",353,356.941595238095,3.9415952380952,""
"712",286,287.0615,1.06150000000002,""
"713",532,509.638884615385,22.3611153846153,""
"714",427,421.902047150524,5.09795284947614,""
"715",276,275.984452380952,0.0155476190477088,""
"716",279,291.402704968944,12.4027049689441,""
"717",275,284.386014492754,9.38601449275365,""
"718",274,276.773452380952,2.77345238095234,""
"719",292,276.934,15.066,""
"720",315,311.891979166667,3.10802083333334,""
"721",290,304.336979166667,14.3369791666665,""
"722",269,276.167880952381,7.16788095238093,""
"723",300,299.504675070028,0.4953249299719,""
"724",293,299.679972759021,6.67997275902144,""
"725",297,304.330759669252,7.3307596692523,""
"726",309,313.213798829653,4.21379882965334,""
"727",317,311.777441686796,5.22255831320382,""
"728",301,311.476394067749,10.4763940677486,""
"729",282,280.676960927961,1.32303907203908,""
"730",574,553.0585,20.9415,""
"731",445,445.023893330964,0.0238933309641993,""
"732",422,428.269119047619,6.26911904761897,""
"733",506,482.880809523809,23.1191904761906,""
"734",548,544.45425,3.54574999999988,""
"735",480,483.111416666667,3.1114166666668,""
"736",439,452.072809997631,13.072809997631,""
"737",311,335.163333333333,24.1633333333333,""
"738",531,518.788333333333,12.2116666666666,""
"739",278,279.259203703704,1.25920370370369,""
"740",466,446.267138888889,19.7328611111111,""
"741",484,477.220301282052,6.77969871794846,""
"742",277,281.840166666667,4.84016666666668,""
"743",353,353.257333333333,0.257333333333293,""
"744",441,434.341333333333,6.65866666666676,""
"745",556,509.193985615079,46.8060143849206,""
"746",559,517.1110105245,41.8889894755004,""
"747",261,285.370106060606,24.370106060606,""
"748",285,285.116106060606,0.116106060606057,""
"749",279,273.372833333333,5.62716666666665,""
"750",299,301.569418677606,2.56941867760611,""
"751",310,305.212082834936,4.78791716506424,""
"752",318,309.854471723825,8.14552827617541,""
"753",313,308.936558558558,4.06344144144157,""
"754",262,274.5385,12.5385,""
"755",278,278.982214285714,0.982214285714292,""
"756",286,292.288411135557,6.28841113555683,""
"757",300,296.653755261669,3.34624473833117,""
"758",301,296.725255261669,4.27474473833115,""
"759",273,278.475684686282,5.47568468628151,""
"760",540,530.09904887218,9.90095112781955,""
"761",442,462.251703703704,20.2517037037037,""
"762",286,277.782,8.21799999999996,""
"763",281,278.911166666667,2.0888333333333,""
"764",325,325.027276665002,0.0272766650017502,""
"765",436,463.438476190476,27.4384761904763,""
"766",537,530.598428571429,6.40157142857129,""
"767",293,292.496940476191,0.503059523809441,""
"768",286,288.6755,2.67550000000006,""
"769",274,274.55675,0.556749999999965,""
"770",472,463.400828320802,8.59917167919798,""
"771",257,264.653666666667,7.65366666666677,""
"772",483,499.0195,16.0195000000002,""
"773",388,402.544791666667,14.5447916666668,""
"774",326,335.649442474193,9.6494424741926,""
"775",257,259.365738095238,2.36573809523821,""
"776",280,286.72344047619,6.72344047619049,""
"777",523,517.674916666667,5.32508333333317,""
"778",540,527.124166666667,12.8758333333332,""
"779",331,332.913573426573,1.91357342657341,""
"780",257,260.049,3.04900000000004,""
"781",261,270.199833333333,9.19983333333334,""
"782",408,429.839439393939,21.8394393939393,""
"783",464,476.472256892231,12.4722568922308,""
"784",324,316.374685897436,7.62531410256406,""
"785",270,268.92425,1.07575000000003,""
"786",527,495.195875224546,31.8041247754537,""
"787",304,296.138002525252,7.86199747474751,""
"788",252,260.735564102564,8.73556410256418,""
"789",259,256.941222222222,2.05877777777783,""
"790",279,284.116922242842,5.11692224284246,""
"791",260,258.249228070175,1.75077192982457,""
"792",265,271.090386446886,6.09038644688644,""
"793",257,258.969184210526,1.96918421052635,""
"794",246,261.567184210526,15.5671842105264,""
"795",528,525.803298872181,2.19670112781944,""
"796",382,395.225538919414,13.225538919414,""
"797",275,278.208,3.20800000000003,""
"798",248,260.84276754386,12.8427675438597,""
"799",248,261.93526754386,13.9352675438597,""
"800",251,268.359350877193,17.359350877193,""
"801",278,269.071666666667,8.92833333333346,""
"802",542,525.4315,16.5685000000001,""
"803",410,403.815625,6.18437499999999,""
"804",507,497.627333333333,9.3726666666667,""
"805",527,496.335833333333,30.6641666666667,""
"806",520,519.683833333333,0.316166666666618,""
"807",432,439.13815920398,7.13815920397997,""
"808",409,415.843125,6.8431250000001,""
"809",301,300.199166666667,0.800833333333287,""
"810",285,294.997166666667,9.99716666666666,""
"811",516,480.610166666667,35.3898333333333,""
"812",519,518.106166666667,0.893833333333419,""
"813",361,401.426958333334,40.4269583333335,""
"814",281,286.206,5.20599999999996,""
"815",262,259.197190476191,2.80280952380946,""
"816",333,326.646949312126,6.35305068787426,""
"817",276,272.140785714286,3.8592142857143,""
"818",281,293.97431372549,12.9743137254902,""
"819",280,287.126147058824,7.12614705882351,""
"820",290,331.930887445887,41.9308874458875,""
"821",332,360.798353479853,28.7983534798535,""
"822",343,380.489321428571,37.4893214285714,""
"823",297,299.908069682423,2.90806968242271,""
"824",303,303.842855396708,0.842855396708387,""
"825",276,279.368015842472,3.36801584247183,""
"826",263,279.108544000375,16.1085440003752,""
"827",283,281.450293981,1.5497060190001,""
"828",295,292.303009686863,2.69699031313729,""
"829",303,302.508423704867,0.491576295133484,""
"830",312,304.878991820809,7.12100817919139,""
"831",272,272.430606227106,0.430606227106239,""
"832",286,280.287663614164,5.71233638583641,""
"833",275,281.312490819071,6.31249081907055,""
"834",507,515.677833333333,8.6778333333333,""
"835",453,441.906631426202,11.0933685737977,""
"836",323,304.959833333333,18.0401666666666,""
"837",282,283.539581168831,1.53958116883121,""
"838",422,425.305114401858,3.30511440185825,""
"839",516,499.0905,16.9094999999999,""
"840",312,341.540666666667,29.5406666666667,""
"841",304,320.620928571429,16.6209285714286,""
"842",310,318.181755411255,8.18175541125549,""
"843",521,528.519476190476,7.5194761904761,""
"844",510,499.813766041587,10.1862339584131,""
"845",316,343.4565,27.4564999999999,""
"846",342,339.069904761905,2.93009523809536,""
"847",321,328.697833333333,7.69783333333334,""
"848",337,328.074333333333,8.92566666666659,""
"849",329,325.671857142857,3.32814285714284,""
"850",314,319.970666666667,5.97066666666666,""
"851",325,330.0255,5.02550000000002,""
"852",490,508.501523809524,18.5015238095238,""
"853",476,496.111847338936,20.1118473389355,""
"854",498,506.78466119175,8.78466119174954,""
"855",281,281.023452380952,0.0234523809523921,""
"856",293,286.863166666667,6.13683333333341,""
"857",439,456.383633161054,17.3836331610543,""
"858",301,300.244777777778,0.755222222222244,""
"859",314,310.889788717289,3.11021128271125,""
"860",292,301.110444444444,9.11044444444445,""
"861",280,279.073421245421,0.926578754578713,""
"862",528,490.981095238095,37.0189047619048,""
"863",562,524.182833333333,37.8171666666668,""
"864",421,406.306422305764,14.6935776942358,""
"865",406,422.767166666667,16.7671666666666,""
"866",472,474.2375,2.23749999999984,""
"867",278,281.035166666667,3.03516666666667,""
"868",280,279.747,0.253000000000043,""
"869",531,507.897440476191,23.1025595238094,""
"870",360,356.630086580087,3.36991341991342,""
"871",342,345.2845,3.28450000000004,""
"872",281,278.454333333333,2.5456666666667,""
"873",297,287.277166666667,9.72283333333337,""
"874",289,287.992666666667,1.00733333333335,""
"875",289,284.060472370766,4.93952762923351,""
"876",287,280.414452450032,6.58554754996783,""
"877",522,511.685916666667,10.3140833333333,""
"878",504,510.980916666667,6.98091666666664,""
"879",436,449.929166666667,13.9291666666667,""
"880",429,428.232761904762,0.767238095238042,""
"881",365,366.302904761905,1.3029047619047,""
"882",280,296.039833333333,16.0398333333333,""
"883",292,295.116666666667,3.11666666666673,""
"884",284,285.152666666667,1.15266666666668,""
"885",346,342.751754329004,3.24824567099574,""
"886",453,426.783566666667,26.2164333333333,""
"887",449,462.105333333333,13.1053333333332,""
"888",498,505.902583333333,7.90258333333333,""
"889",397,400.736684210526,3.73668421052622,""
"890",298,300.592666666667,2.59266666666667,""
"891",419,417.5755,1.42450000000002,""
"892",470,466.310666666667,3.68933333333348,""
"893",433,438.243485981978,5.24348598197759,""
"894",423,412.586607246678,10.4133927533222,""
"895",366,358.632724806202,7.36727519379832,""
"896",283,306.072058139535,23.0720581395348,""
"897",299,307.346611111111,8.3466111111112,""
"898",312,309.472739872751,2.52726012724912,""
"899",309,304.953510706084,4.04648929391578,""
"900",309,314.610558558559,5.61055855855858,""
"901",302,302.144292197469,0.144292197468701,""
"902",268,270.667946886447,2.66794688644688,""
"903",292,296.851304745979,4.85130474597861,""
"904",301,300.051884677951,0.948115322048523,""
"905",308,308.37584364758,0.375843647580439,""
"906",280,279.583502053502,0.416497946497998,""
"907",260,268.378407203907,8.37840720390727,""
"908",290,286.592365643414,3.4076343565855,""
"909",491,487.505428571428,3.49457142857165,""
"910",260,265.139778388278,5.13977838827833,""
"911",485,493.633194444444,8.63319444444443,""
"912",473,493.730361111111,20.7303611111112,""
"913",474,496.627444444444,22.6274444444444,""
"914",383,388.770333333333,5.77033333333333,""
"915",334,334.138166666667,0.138166666666677,""
"916",273,277.0725,4.07250000000005,""
"917",328,328.070878787879,0.0708787878788826,""
"918",454,449.404166666667,4.59583333333342,""
"919",270,272.796333333333,2.79633333333334,""
"920",427,458.089583333334,31.0895833333335,""
"921",482,461.2565,20.7434999999999,""
"922",375,402.6945,27.6944999999999,""
"923",274,279.6355,5.63549999999998,""
"924",285,285.085666666667,0.0856666666666683,""
"925",276,283.611166666667,7.61116666666669,""
"926",268,273.270666666667,5.27066666666667,""
"927",273,274.192666666667,1.19266666666664,""
"928",276,273.337166666667,2.66283333333342,""
"929",391,418.194557997558,27.194557997558,""
"930",271,271.37,0.369999999999891,""
"931",354,326.561166666667,27.4388333333334,""
"932",409,426.9615,17.9615,""
"933",432,459.24511778407,27.24511778407,""
"934",394,448.025444444445,54.0254444444445,""
"935",269,271.4185,2.41849999999999,""
"936",309,305.813316259399,3.1866837406015,""
"937",311,310.332833333333,0.667166666666731,""
"938",308,307.429,0.571000000000026,""
"939",287,294.762201388889,7.7622013888888,""
"940",258,264.023621933622,6.02362193362188,""
"941",267,267.760078703704,0.760078703703755,""
"942",260,265.818714285714,5.81871428571429,""
"943",301,301.523640371533,0.523640371533247,""
"944",307,303.07128072241,3.92871927758961,""
"945",258,262.863412698413,4.86341269841267,""
"946",294,295.829712912088,1.82971291208787,""
"947",486,511.613429824561,25.6134298245614,""
"948",504,502.719846491228,1.280153508772,""
"949",396,434.445037037037,38.4450370370369,""
"950",414,441.614541666667,27.6145416666666,""
"951",269,266.364761904762,2.63523809523809,""
"952",265,269.791666666667,4.79166666666663,""
"953",266,270.932595238095,4.93259523809519,""
"954",336,316.612666666667,19.3873333333333,""
"955",481,466.358950268817,14.6410497311827,""
"956",340,337.859,2.14099999999991,""
"957",261,263.294833333333,2.29483333333332,""
"958",266,270.280833333333,4.28083333333331,""
"959",265,267.297833333333,2.2978333333333,""
"960",425,461.412375,36.4123750000001,""
"961",482,472.43375,9.56625000000014,""
"962",322,341.029354231975,19.0293542319749,""
"963",260,269.902166666667,9.90216666666663,""
"964",266,269.444166666667,3.44416666666677,""
"965",262,259.568166666667,2.43183333333332,""
"966",444,442.040008511097,1.95999148890337,""
"967",293,297.661844272844,4.66184427284435,""
"968",257,257.990666666667,0.990666666666641,""
"969",249,264.316064102564,15.3160641025641,""
"970",260,256.625166666667,3.37483333333336,""
"971",261,260.450421245421,0.549578754578704,""
"972",285,287.596636931696,2.59663693169574,""
"973",277,289.451095265029,12.4510952650291,""
"974",262,259.290333333333,2.70966666666664,""
"975",266,272.584032356532,6.58403235653242,""
"976",265,263.953222222222,1.04677777777783,""
"977",450,450.553703282828,0.55370328282828,""
"978",256,267.106666666667,11.1066666666667,""
"979",264,267.703939393939,3.70393939393938,""
"980",262,258.94801754386,3.05198245614031,""
"981",342,316.839988095238,25.1600119047619,""
"982",479,464.414651515151,14.5853484848486,""
"983",295,289.785,5.21499999999997,""
"984",287,278.3775,8.62250000000012,""
"985",328,321.3475,6.65249999999997,""
"986",274,276.717666666667,2.71766666666662,""
"987",428,451.016857142857,23.0168571428571,""
"988",275,277.596166666667,2.59616666666659,""
"989",270,274.570078431373,4.57007843137262,""
"990",462,471.852166666667,9.85216666666662,""
"991",411,426.784378306878,15.7843783068784,""
"992",395,405.308476190476,10.3084761904762,""
"993",269,266.974333333333,2.02566666666661,""
"994",267,270.819333333333,3.81933333333336,""
"995",265,267.701814814815,2.70181481481484,""
"996",270,280.456905965622,10.4569059656218,""
"997",261,267.524333333333,6.52433333333335,""
"998",262,268.335534749035,6.33553474903465,""
"999",309,307.110149592732,1.88985040726817,""
"1000",319,314.444943452381,4.55505654761907,""
"1001",264,267.469844272844,3.46984427284423,""
"1002",285,279.871049019608,5.12895098039212,""
"1003",262,267.906344272844,5.90634427284431,""
"1004",273,286.497725225225,13.4977252252252,""
"1005",298,301.604306365576,3.60430636557612,""
"1006",303,299.890779054279,3.10922094572095,""
"1007",307,302.879973704867,4.12002629513347,""
"1008",312,306.679114055744,5.32088594425619,""
"1009",308,305.668473704867,2.33152629513347,""
"1010",280,283.463921245421,3.4639212454212,""
"1011",530,522.179583333333,7.82041666666657,""
"1012",425,446.059,21.059,""
"1013",278,294.545333333333,16.5453333333333,""
"1014",286,280.35105952381,5.64894047619049,""
"1015",290,303.006166666667,13.0061666666667,""
"1016",443,470.98603030303,27.9860303030302,""
"1017",286,290.519257575758,4.51925757575759,""
"1018",334,355.872404761905,21.8724047619047,""
"1019",271,287.220166666667,16.2201666666666,""
"1020",273,289.421333333333,16.4213333333333,""
"1021",436,443.339363636364,7.33936363636366,""
"1022",274,271.905587301587,2.09441269841261,""
"1023",487,506.385,19.385,""
"1024",493,499.806,6.80600000000004,""
"1025",423,445.355314814815,22.3553148148148,""
"1026",384,387.806833333333,3.80683333333343,""
"1027",334,344.633722222222,10.6337222222222,""
"1028",269,278.935166666667,9.93516666666676,""
"1029",270,272.116624338624,2.11662433862443,""
"1030",271,277.323148148148,6.32314814814816,""
"1031",394,415.265995354239,21.2659953542393,""
"1032",457,463.373109730849,6.37310973084874,""
"1033",474,476.573678571428,2.57367857142845,""
"1034",453,469.105178571429,16.1051785714286,""
"1035",397,400.118079731977,3.11807973197739,""
"1036",348,337.577308139535,10.4226918604651,""
"1037",277,292.409264492754,15.4092644927536,""
"1038",293,277.152380952381,15.847619047619,""
"1039",268,272.526,4.52600000000001,""
"1040",283,279.975492673993,3.02450732600732,""
"1041",282,278.697802197802,3.30219780219784,""
"1042",299,307.367136698134,8.36713669813412,""
"1043",276,278.133509564509,2.1335095645095,""
"1044",424,403.613479082321,20.3865209176789,""
"1045",423,421.111156862745,1.88884313725504,""
"1046",275,275.380476190476,0.380476190476202,""
"1047",469,471.664880952381,2.664880952381,""
"1048",406,413.010350877193,7.01035087719288,""
"1049",366,363.421738095238,2.57826190476192,""
"1050",292,286.065386904762,5.93461309523809,""
"1051",474,469.951611111111,4.04838888888878,""
"1052",495,510.459346491228,15.4593464912281,""
"1053",525,536.292596491228,11.2925964912282,""
"1054",547,550.037333333333,3.03733333333332,""
"1055",472,481.318380952381,9.31838095238089,""
"1056",515,530.587596491228,15.5875964912281,""
"1057",583,566.628,16.372,""
"1058",469,461.98601754386,7.01398245614013,""
"1059",309,309.439825396825,0.439825396825427,""
"1060",297,335.050261904762,38.0502619047618,""
"1061",310,312.043158730159,2.04315873015878,""
"1062",459,446.059666666667,12.9403333333333,""
"1063",570,523.946534269324,46.0534657306763,""
"1064",516,515.988072916667,0.0119270833333758,""
"1065",442,435.548819315311,6.45118068468895,""
"1066",411,408.019773913345,2.98022608665548,""
"1067",297,296.607474806202,0.392525193798463,""
"1068",287,293.786916666667,6.78691666666668,""
"1069",511,503.19920093599,7.80079906400954,""
"1070",300,302.606253003003,2.60625300300302,""
"1071",301,303.787586336336,2.78758633633646,""
"1072",311,307.378344272844,3.62165572715571,""
"1073",292,297.965860119048,5.96586011904759,""
"1074",273,275.65568951094,2.65568951093951,""
"1075",289,305.549915701416,16.5499157014157,""
"1076",297,299.950899986918,2.95089998691776,""
"1077",283,297.296714043031,14.2967140430309,""
"1078",278,295.283223704867,17.2832237048666,""
"1079",253,272.720865689866,19.7208656898657,""
"1080",273,277.288365689866,4.28836568986566,""
"1081",267,276.961421245421,9.96142124542121,""
"1082",281,276.722718406593,4.27728159340654,""
"1083",266,268.016,2.01600000000002,""
"1084",265,266.965611721612,1.96561172161177,""
"1085",559,520.046013157895,38.9539868421051,""
"1086",274,277.742333333333,3.74233333333325,""
"1087",260,268.676,8.67599999999993,""
"1088",259,268.509111721612,9.50911172161165,""
"1089",411,425.000269047619,14.0002690476189,""
"1090",536,512.928166666666,23.0718333333335,""
"1091",517,513.379333333333,3.62066666666681,""
"1092",322,334.680512820513,12.6805128205128,""
"1093",287,292.83244047619,5.83244047619047,""
"1094",275,268.198,6.80200000000002,""
"1095",492,494.787263157895,2.7872631578947,""
"1096",434,449.53455165692,15.5345516569201,""
"1097",339,343.509568517689,4.50956851768927,""
"1098",517,511.620263157895,5.37973684210527,""
"1099",544,516.8755,27.1244999999999,""
"1100",429,418.54628021978,10.4537197802198,""
"1101",276,280.004357142857,4.00435714285709,""
"1102",414,417.48043836293,3.48043836292976,""
"1103",347,340.688891472868,6.31110852713175,""
"1104",330,327.256833333333,2.7431666666667,""
"1105",518,489.535420289855,28.464579710145,""
"1106",295,302.79438719124,7.79438719124016,""
"1107",300,303.194220524573,3.19422052457344,""
"1108",274,272.267613553114,1.73238644688638,""
"1109",293,293.941325154142,0.941325154141907,""
"1110",306,300.401825154142,5.59817484585801,""
"1111",310,304.005340371533,5.99465962846682,""
"1112",270,272.27028021978,2.27028021978026,""
"1113",277,279.243113553114,2.24311355311352,""
"1114",293,292.029442725752,0.970557274247597,""
"1115",287,288.63679986861,1.63679986860956,""
"1116",277,282.441666666667,5.44166666666672,""
"1117",588,541.203808909529,46.7961910904713,""
"1118",288,294.710107142857,6.71010714285711,""
"1119",281,282.105333333333,1.10533333333331,""
"1120",271,281.542,10.542,""
"1121",273,281.306166666667,8.30616666666668,""
"1122",285,282.966833333333,2.03316666666672,""
"1123",455,464.399333333333,9.39933333333329,""
"1124",276,274.827142533937,1.17285746606331,""
"1125",289,282.085791666667,6.91420833333331,""
"1126",274,273.644944444444,0.355055555555566,""
"1127",278,278.464648148148,0.464648148148171,""
"1128",531,531.810833333333,0.810833333333335,""
"1129",555,540.128083333333,14.8719166666666,""
"1130",505,512.028285714286,7.02828571428586,""
"1131",371,359.292404761905,11.7075952380952,""
"1132",351,344.800166666667,6.19983333333329,""
"1133",270,275.1725,5.17250000000001,""
"1134",277,276.275333333333,0.724666666666678,""
"1135",409,414.953822735192,5.95382273519164,""
"1136",410,398.139017543859,11.8609824561405,""
"1137",361,356.860238095238,4.13976190476188,""
"1138",279,272.100666666667,6.8993333333334,""
"1139",532,502.685486568987,29.3145134310133,""
"1140",439,450.553825951826,11.553825951826,""
"1141",410,406.076123931624,3.92387606837599,""
"1142",296,298.998945749799,2.99894574979879,""
"1143",292,293.073695927089,1.07369592708875,""
"1144",242,246.0035,4.00350000000003,""
"1145",262,271.055390749601,9.05539074960126,""
"1146",268,266.413063264221,1.58693673577886,""
"1147",282,283.356621052632,1.35662105263162,""
"1148",265,265.354897435897,0.354897435897385,""
"1149",577,534.93731871345,42.0626812865498,""
"1150",451,424.178272283272,26.8217277167277,""
"1151",420,393.842833333333,26.1571666666667,""
"1152",286,282.145155769231,3.85484423076923,""
"1153",295,284.348655769231,10.6513442307692,""
"1154",243,255.607097435897,12.6070974358975,""
"1155",260,267.236621245421,7.23662124542119,""
"1156",277,276.092612332112,0.907387667887633,""
"1157",368,347.123846153846,20.8761538461538,""
"1158",289,276.620245098039,12.3797549019608,""
"1159",520,524.921346491228,4.92134649122806,""
"1160",559,549.642083333333,9.35791666666671,""
"1161",439,432.262928571429,6.73707142857148,""
"1162",547,539.954666666667,7.04533333333325,""
"1163",300,302.888773809524,2.88877380952374,""
"1164",283,280.620064102564,2.37993589743598,""
"1165",442,462.592202637942,20.5922026379418,""
"1166",406,412.13411100735,6.13411100735016,""
"1167",284,279.715897435897,4.28410256410251,""
"1168",351,332.98367987568,18.0163201243201,""
"1169",275,272.570666666667,2.42933333333332,""
"1170",314,304.377791953145,9.62220804685518,""
"1171",307,310.743138390491,3.74313839049131,""
"1172",287,294.062960784314,7.0629607843137,""
"1173",276,273.903439102564,2.09656089743584,""
"1174",272,269.317445054945,2.6825549450549,""
"1175",304,302.100008403361,1.89999159663859,""
"1176",303,300.060541535276,2.93945846472371,""
"1177",299,301.755442984552,2.75544298455168,""
"1178",265,270.627927093374,5.62792709337447,""
"1179",261,267.417505847953,6.41750584795312,""
"1180",287,292.014633201943,5.01463320194296,""
"1181",284,289.384966535276,5.38496653527631,""
"1182",252,254.599802197802,2.59980219780218,""
"1183",535,521.624763157895,13.3752368421053,""
"1184",532,528.983671760045,3.01632823995465,""
"1185",496,514.586540935672,18.5865409356725,""
"1186",411,413.681294871795,2.68129487179499,""
"1187",323,330.085964285714,7.08596428571428,""
"1188",266,272.576666666667,6.57666666666677,""
"1189",253,272.817,19.8170000000001,""
"1190",456,477.409166666667,21.4091666666666,""
"1191",370,348.17933908046,21.8206609195402,""
"1192",255,261.014,6.01400000000007,""
"1193",551,498.232471544715,52.7675284552846,""
"1194",569,530.623833333333,38.3761666666667,""
"1195",485,464.019302005012,20.9806979949875,""
"1196",470,418.123042124542,51.8769578754578,""
"1197",258,259.486333333333,1.48633333333333,""
"1198",285,279.328333333333,5.67166666666674,""
"1199",252,259.650166666667,7.65016666666668,""
"1200",268,270.033333333333,2.0333333333333,""
"1201",455,468.0645,13.0645,""
"1202",278,276.664833333333,1.33516666666668,""
"1203",350,351.97267948718,1.97267948717951,""
"1204",296,301.566334415584,5.56633441558438,""
"1205",322,334.488102380952,12.4881023809525,""
"1206",278,269.340555555556,8.65944444444438,""
"1207",404,404.650346153846,0.650346153846101,""
"1208",383,370.582619047619,12.4173809523808,""
"1209",351,327.5695,23.4305000000001,""
"1210",331,318.803166666667,12.1968333333334,""
"1211",500,486.952833333333,13.0471666666666,""
"1212",263,262.538618591204,0.461381408795944,""
"1213",306,295.152139698909,10.8478603010906,""
"1214",307,302.266181365576,4.73381863442398,""
"1215",274,276.665313909774,2.66531390977445,""
"1216",306,299.967890371533,6.0321096284668,""
"1217",302,304.299090371533,2.29909037153317,""
"1218",301,293.735766653585,7.26423334641544,""
"1219",273,280.481087912088,7.48108791208796,""
"1220",295,282.871057609058,12.1289423909424,""
"1221",260,261.243857142857,1.24385714285711,""
"1222",285,294.445777847153,9.44577784715273,""
"1223",283,282.799455946536,0.200544053464228,""
"1224",278,281.557507228587,3.55750722858699,""
"1225",290,293.008,3.00799999999998,""
"1226",283,279.14834056192,3.85165943807965,""
"1227",414,414.012214218708,0.0122142187080954,""
"1228",531,504.06,26.9399999999998,""
"1229",284,282.916666666667,1.08333333333331,""
"1230",550,525.216333333333,24.7836666666667,""
"1231",300,299.565107142857,0.434892857142927,""
"1232",294,293.320666666667,0.679333333333318,""
"1233",418,430.959869047619,12.9598690476191,""
"1234",528,524.274384615385,3.72561538461548,""
"1235",286,284.670590909091,1.32940909090905,""
"1236",558,535.129666666667,22.8703333333333,""
"1237",355,349.963765151515,5.03623484848487,""
"1238",330,335.662833333333,5.6628333333332,""
"1239",283,282.142333333333,0.85766666666666,""
"1240",287,293.265833333333,6.26583333333332,""
"1241",287,295.964166666667,8.9641666666667,""
"1242",279,279.709754625927,0.709754625926564,""
"1243",293,287.706595238095,5.29340476190481,""
"1244",556,522.62417645202,33.3758235479798,""
"1245",290,288.837331206805,1.16266879319505,""
"1246",272,276.309244987469,4.30924498746873,""
"1247",323,332.961816239316,9.96181623931625,""
"1248",284,287.85882670218,3.85882670217973,""
"1249",281,289.64232670218,8.64232670217973,""
"1250",282,285.329973404949,3.32997340494899,""
"1251",281,271.277545426065,9.72245457393478,""
"1252",279,284.646417615718,5.64641761571761,""
"1253",283,280.739814102564,2.26018589743597,""
"1254",268,268.329783625731,0.329783625730897,""
"1255",263,270.69967251462,7.69967251461986,""
"1256",267,271.571386446886,4.57138644688638,""
"1257",260,261.232850877193,1.23285087719296,""
"1258",520,518.130207602339,1.86979239766083,""
"1259",483,475.504421052631,7.49557894736859,""
"1260",267,269.96401754386,2.96401754385971,""
"1261",312,325.596321428571,13.5963214285713,""
"1262",393,433.466119047619,40.466119047619,""
"1263",462,481.509833333334,19.5098333333335,""
"1264",534,531.590263157895,2.40973684210542,""
"1265",422,429.232367521367,7.23236752136734,""
"1266",276,274.083416666667,1.91658333333328,""
"1267",321,322.668833333333,1.66883333333334,""
"1268",545,539.119619047619,5.88038095238107,""
"1269",273,277.676111111111,4.6761111111112,""
"1270",529,528.975277777778,0.0247222222220671,""
"1271",567,529.288444444445,37.7115555555555,""
"1272",301,303.235325396825,2.23532539682543,""
"1273",277,276.690611111111,0.309388888888805,""
"1274",427,428.301277777778,1.30127777777778,""
"1275",525,511.577211805556,13.4227881944444,""
"1276",359,377.188739583333,18.1887395833333,""
"1277",319,323.982833333333,4.9828333333333,""
"1278",310,318.2405,8.24049999999994,""
"1279",278,277.721,0.27899999999994,""
"1280",275,277.692987050961,2.69298705096082,""
"1281",341,331.068902097902,9.9310979020978,""
"1282",461,463.335239583333,2.3352395833333,""
"1283",500,498.077711805556,1.92228819444432,""
"1284",283,288.501412087912,5.50141208791217,""
"1285",267,266.777708333333,0.222291666666706,""
"1286",267,277.224206766917,10.2242067669173,""
"1287",262,259.201166666667,2.79883333333333,""
"1288",284,281.343337398374,2.65666260162601,""
"1289",261,262.727504065041,1.72750406504065,""
"1290",258,258.735666666667,0.735666666666702,""
"1291",272,279.571670731707,7.57167073170734,""
"1292",266,265.200366666667,0.799633333333361,""
"1293",268,266.719866666667,1.28013333333331,""
"1294",279,287.998462743397,8.99846274339683,""
"1295",327,323.217066883117,3.78293311688316,""
"1296",460,466.418287878788,6.41828787878774,""
"1297",552,526.279666666667,25.7203333333333,""
"1298",331,331.712809523809,0.712809523809483,""
"1299",265,262.919666666667,2.08033333333339,""
"1300",415,427.883004273504,12.8830042735042,""
"1301",332,334.892202380953,2.89220238095254,""
"1302",310,292.055834415584,17.9441655844155,""
"1303",292,279.6875,12.3124999999999,""
"1304",514,528.978666666667,14.9786666666666,""
"1305",314,332.834722222222,18.8347222222222,""
"1306",280,283.1495,3.14949999999993,""
"1307",485,498.402,13.402,""
"1308",271,282.033540598291,11.0335405982907,""
"1309",506,508.442301587302,2.44230158730153,""
"1310",294,294.292142857143,0.292142857142835,""
"1311",250,251.065833333333,1.06583333333333,""
"1312",262,268.978095238095,6.97809523809525,""
"1313",289,292.087566666667,3.0875666666667,""
"1314",282,286.826635620915,4.826635620915,""
"1315",260,256.729818181818,3.27018181818175,""
"1316",253,255.047666666667,2.04766666666674,""
"1317",503,515.486833333333,12.4868333333335,""
"1318",543,536.799,6.20100000000002,""
"1319",352,354.857166666667,2.85716666666673,""
"1320",279,280.069333333333,1.06933333333342,""
"1321",248,254.242502197802,6.2425021978022,""
"1322",564,525.876166666667,38.1238333333332,""
"1323",396,393.084595238095,2.91540476190471,""
"1324",263,263.338785714286,0.338785714285734,""
"1325",258,261.298,3.298,""
"1326",415,427.055782051282,12.055782051282,""
"1327",277,278.279666666667,1.27966666666669,""
"1328",272,273.880166666667,1.88016666666658,""
"1329",416,402.249224791469,13.7507752085313,""
"1330",468,473.214880952381,5.21488095238084,""
"1331",419,418.676391330891,0.323608669108808,""
"1332",503,456.067098484848,46.9329015151515,""
"1333",301,296.145831601732,4.85416839826837,""
"1334",244,246.700047013721,2.70004701372076,""
"1335",252,248.553797013721,3.44620298627925,""
"1336",256,266.671944632768,10.6719446327684,""
"1337",246,247.378735499794,1.37873549979435,""
"1338",295,291.64612779545,3.35387220454976,""
"1339",289,286.152056112504,2.84794388749646,""
"1340",248,251.411976190476,3.41197619047628,""
"1341",244,246.746616452175,2.74661645217529,""
"1342",257,255.875807692308,1.12419230769225,""
"1343",279,287.58205952381,8.58205952380956,""
"1344",333,329.483130952381,3.51686904761902,""
"1345",251,251.965404761905,0.965404761904722,""
"1346",265,266.967666666667,1.96766666666673,""
"1347",250,252.315422305764,2.31542230576434,""
"1348",251,255.449838972431,4.44983897243102,""
"1349",536,544.713595238095,8.71359523809519,""
"1350",263,264.151428571429,1.1514285714286,""
"1351",265,265.255595238095,0.255595238095168,""
"1352",393,423.087702380952,30.0877023809524,""
"1353",568,534.3195,33.6805000000001,""
"1354",491,476.706784461153,14.2932155388472,""
"1355",397,395.1535,1.84649999999993,""
"1356",334,333.120642857143,0.879357142857089,""
"1357",269,266.994666666667,2.0053333333334,""
"1358",292,289.332356516291,2.66764348370924,""
"1359",331,322.526666666667,8.4733333333333,""
"1360",478,468.971454545454,9.02854545454551,""
"1361",415,425.443891330891,10.4438913308913,""
"1362",293,290.132154928405,2.86784507159501,""
"1363",275,282.743720238095,7.74372023809525,""
"1364",530,523.4615,6.53850000000011,""
"1365",497,499.988285714286,2.98828571428584,""
"1366",460,453.164147741148,6.83585225885224,""
"1367",367,358.726869047619,8.27313095238094,""
"1368",271,279.926694444445,8.92669444444454,""
"1369",384,416.235833333333,32.2358333333333,""
"1370",290,297.409217503987,7.40921750398718,""
"1371",263,257.468982142857,5.53101785714284,""
"1372",291,294.079974481659,3.07997448165861,""
"1373",247,247.839186480186,0.839186480186441,""
"1374",298,286.23030952381,11.7696904761905,""
"1375",297,289.773452380952,7.22654761904755,""
"1376",544,506.250833333334,37.7491666666665,""
"1377",530,529.675416666667,0.324583333333408,""
"1378",399,396.746628205128,2.25337179487173,""
"1379",245,248.736833333333,3.73683333333329,""
"1380",264,267.820166666667,3.82016666666664,""
"1381",244,247.952,3.95199999999997,""
"1382",308,313.963419467787,5.96341946778711,""
"1383",511,506.979166666667,4.02083333333337,""
"1384",568,544.91869047619,23.0813095238096,""
"1385",392,389.137333333333,2.86266666666671,""
"1386",261,261.442,0.442000000000007,""
"1387",311,287.660356682791,23.3396433172091,""
"1388",288,277.096833333333,10.9031666666666,""
"1389",276,271.6995,4.3005,""
"1390",442,423.7234,18.2765999999998,""
"1391",277,266.001833333333,10.9981666666667,""
"1392",558,525.395388888889,32.6046111111111,""
"1393",532,524.283222222222,7.71677777777791,""
"1394",299,293.268858225108,5.73114177489185,""
"1395",269,268.955833333333,0.0441666666666833,""
"1396",315,325.151143493761,10.1511434937612,""
"1397",424,433.077023809524,9.07702380952384,""
"1398",536,529.487575268817,6.51242473118282,""
"1399",477,477.970047619048,0.970047619047591,""
"1400",384,393.418,9.41799999999995,""
"1401",354,346.109672413793,7.89032758620692,""
"1402",333,325.996727272727,7.0032727272727,""
"1403",326,325.504664705882,0.495335294117638,""
"1404",443,458.597981074481,15.5979810744811,""
"1405",355,362.573357142857,7.57335714285722,""
"1406",278,266.5425,11.4575,""
"1407",289,293.11518982684,4.11518982683975,""
"1408",256,253.468660650084,2.53133934991561,""
"1409",307,289.810514896775,17.1894851032251,""
"1410",287,291.006568347953,4.00656834795319,""
"1411",256,253.421551136364,2.57844886363634,""
"1412",245,252.036899621212,7.03689962121211,""
"1413",243,245.770687069058,2.77068706905845,""
"1414",288,284.520519558779,3.47948044122057,""
"1415",249,247.448516483516,1.55148351648356,""
"1416",266,267.350333333333,1.35033333333337,""
"1417",245,247.368516483516,2.36851648351646,""
"1418",298,317.16052207074,19.1605220707397,""
"1419",506,520.824333333333,14.8243333333335,""
"1420",514,511.811777777778,2.18822222222218,""
"1421",369,355.700348484849,13.2996515151514,""
"1422",337,335.585543062201,1.41445693779895,""
"1423",274,268.883833333333,5.11616666666652,""
"1424",334,330.962060606061,3.03793939393944,""
"1425",246,255.477666666667,9.47766666666664,""
"1426",307,319.406333333333,12.4063333333333,""
"1427",521,523.191666666667,2.19166666666661,""
"1428",526,521.324075268817,4.6759247311827,""
"1429",466,468.086261904762,2.0862619047619,""
"1430",249,247.861666666667,1.13833333333335,""
"1431",323,312.016547619048,10.9834523809523,""
"1432",528,518.786995540691,9.21300445930865,""
"1433",405,401.277807306729,3.7221926932715,""
"1434",326,319.619666666667,6.38033333333334,""
"1435",281,276.716944444445,4.28305555555545,""
"1436",457,456.087223257419,0.912776742581059,""
"1437",297,292.811810517913,4.18818948208656,""
"1438",301,297.297367877221,3.70263212277922,""
"1439",298,295.098963115316,2.90103688468395,""
"1440",296,296.311660085013,0.311660085013045,""
"1441",287,284.357011312217,2.6429886877828,""
"1442",242,251.710147435897,9.71014743589745,""
"1443",258,272.073817927171,14.0738179271708,""
"1444",284,285.510824074074,1.51082407407409,""
"1445",287,285.123990740741,1.87600925925926,""
"1446",302,319.343893939394,17.343893939394,""
"1447",242,242.537833333333,0.537833333333339,""
"1448",259,265.360833333333,6.3608333333334,""
"1449",251,254.361,3.36099999999999,""
"1450",569,525.046166666667,43.9538333333334,""
"1451",507,510.663277777778,3.66327777777792,""
"1452",258,258.942166666667,0.942166666666651,""
"1453",263,272.8365,9.8365,""
"1454",267,261.004333333333,5.99566666666669,""
"1455",398,423.9119,25.9119000000002,""
"1456",588,540.484333333333,47.5156666666668,""
"1457",530,511.832,18.1680000000001,""
"1458",364,347.52983908046,16.4701609195401,""
"1459",320,328.272476190476,8.27247619047614,""
"1460",529,529.345359649123,0.345359649122997,""
"1461",361,360.437452380952,0.562547619047564,""
"1462",275,275.553944444444,0.553944444444369,""
"1463",253,258.568454545454,5.56845454545447,""
"1464",511,510.684166666667,0.31583333333333,""
"1465",283,285.166678571429,2.16667857142863,""
"1466",283,284.27930952381,1.27930952380956,""
"1467",280,277.439833333333,2.56016666666676,""
"1468",250,255.934333333333,5.93433333333331,""
"1469",239,245.080666666667,6.08066666666664,""
"1470",243,244.741833333333,1.74183333333337,""
"1471",248,246.246,1.75399999999991,""
"1472",278,282.664559523809,4.66455952380949,""
"1473",279,277.573804596332,1.42619540366758,""
"1474",499,508.606111111111,9.60611111111103,""
"1475",335,332.660333333333,2.33966666666669,""
"1476",270,268.26650462963,1.73349537037046,""
"1477",249,250.208311827957,1.20831182795698,""
"1478",522,485.389096491228,36.6109035087719,""
"1479",345,336.756808072708,8.24319192729212,""
"1480",445,459.687207087486,14.6872070874862,""
"1481",247,250.328978494624,3.32897849462361,""
"1482",273,269.8255,3.17449999999991,""
"1483",326,317.044733333333,8.95526666666666,""
"1484",501,485.27675,15.72325,""
"1485",504,511.320666666667,7.32066666666685,""
"1486",503,501.728,1.27199999999999,""
"1487",412,431.108946886447,19.1089468864469,""
"1488",344,336.866505747126,7.13349425287356,""
"1489",253,264.749277777778,11.7492777777778,""
"1490",284,284.319209415584,0.319209415584396,""
"1491",249,255.255811827957,6.25581182795696,""
"1492",538,524.354208133971,13.6457918660285,""
"1493",492,502.08780952381,10.0878095238095,""
"1494",442,470.303623931624,28.3036239316239,""
"1495",316,316.156404761905,0.156404761904696,""
"1496",273,288.651944444445,15.6519444444446,""
"1497",255,269.33589044289,14.3358904428904,""
"1498",244,265.882057109557,21.8820571095571,""
"1499",465,459.951720038733,5.04827996126687,""
"1500",286,285.418691876751,0.5813081232493,""
"1501",282,283.92759114415,1.92759114414997,""
"1502",246,253.274166666667,7.27416666666667,""
"1503",243,253.347314102564,10.3473141025641,""
"1504",281,285.110974025974,4.11097402597397,""
"1505",239,239.3225,0.322499999999962,""
"1506",301,286.046071428572,14.9539285714285,""
"1507",298,284.41101984127,13.5889801587302,""
"1508",293,283.657055555556,9.34294444444447,""
"1509",239,242.2105,3.21050000000005,""
"1510",494,504.295202380952,10.2952023809524,""
"1511",540,531.254456349206,8.74554365079359,""
"1512",395,404.957628205128,9.95762820512806,""
"1513",260,269.427222222222,9.42722222222216,""
"1514",534,517.061302325581,16.9386976744186,""
"1515",434,429.100558735838,4.89944126416225,""
"1516",248,269.322135658915,21.3221356589148,""
"1517",248,267.415468992248,19.415468992248,""
"1518",498,510.305635658915,12.3056356589147,""
"1519",542,536.974601470881,5.02539852911946,""
"1520",418,413.468135658915,4.53186434108534,""
"1521",241,244.267447486872,3.26744748687167,""
"1522",392,428.944612581992,36.9446125819916,""
"1523",460,468.042218992248,8.04221899224808,""
"1524",272,279.641986111111,7.64198611111107,""
"1525",248,262.600261904762,14.6002619047619,""
"1526",241,241.060811827957,0.0608118279569965,""
"1527",239,246.135811827957,7.13581182795701,""
"1528",468,448.950583333333,19.049416666667,""
"1529",526,504.503764411028,21.4962355889724,""
"1530",498,505.832764411028,7.8327644110276,""
"1531",253,260.435976190476,7.43597619047608,""
"1532",482,473.453562770563,8.54643722943723,""
"1533",278,282.077023809524,4.07702380952384,""
"1534",285,282.148440476191,2.8515595238095,""
"1535",274,279.25393438914,5.25393438914028,""
"1536",256,256.160230769231,0.160230769230793,""
"1537",238,243.663230769231,5.66323076923081,""
"1538",244,248.506344632768,4.5063446327683,""
"1539",278,279.557055555556,1.55705555555551,""
"1540",236,237.5705,1.57049999999998,""
"1541",280,279.076883715699,0.923116284300534,""
"1542",280,281.045217049033,1.04521704903289,""
"1543",285,283.304354303935,1.69564569606513,""
"1544",285,285.266736656876,0.266736656876049,""
"1545",262,261.458867132867,0.541132867132887,""
"1546",240,247.26563986014,7.26563986013986,""
"1547",243,247.976138888889,4.97613888888881,""
"1548",327,320.985497607655,6.01450239234464,""
"1549",247,262.256348484849,15.2563484848485,""
"1550",566,530.376135658915,35.6238643410852,""
"1551",345,340.485308072708,4.51469192729218,""
"1552",318,321.466635658915,3.46663565891481,""
"1553",253,262.500802325581,9.50080232558139,""
"1554",539,525.285638888889,13.7143611111111,""
"1555",559,531.659472222222,27.3405277777777,""
"1556",417,424.064,7.06400000000002,""
"1557",384,387.979166666667,3.97916666666663,""
"1558",332,334.76183908046,2.76183908045982,""
"1559",243,247.789947486872,4.78994748687165,""
"1560",256,260.572114153538,4.57211415353845,""
"1561",249,249.882280820205,0.882280820205096,""
"1562",347,341.504141406041,5.49585859395876,""
"1563",237,248.640280820205,11.6402808202051,""
"1564",267,272.819968992248,5.81996899224799,""
"1565",255,263.501968992248,8.50196899224807,""
"1566",259,260.224280820205,1.22428082020508,""
"1567",360,371.693063492064,11.6930634920637,""
"1568",262,264.916762237762,2.91676223776221,""
"1569",240,241.401844632768,1.40184463276842,""
"1570",279,279.611721611722,0.611721611721521,""
"1571",238,236.525523809524,1.47447619047617,""
"1572",281,283.688781512605,2.68878151260498,""
"1573",279,283.352454715219,4.35245471521944,""
"1574",277,279.667343604108,2.66734360410834,""
"1575",244,251.721548951049,7.72154895104887,""
"1576",494,501.0355,7.03549999999996,""
"1577",536,514.643158730159,21.3568412698412,""
"1578",412,439.162043956044,27.162043956044,""
"1579",454,457.13475,3.13475,""
"1580",262,258.881333333333,3.11866666666668,""
"1581",508,512.0285,4.02850000000001,""
"1582",340,346.973848484848,6.97384848484842,""
"1583",321,331.37379197995,10.3737919799499,""
"1584",262,271.432588039867,9.43258803986714,""
"1585",249,263.747413436693,14.7474134366925,""
"1586",261,258.913333333333,2.0866666666667,""
"1587",480,466.887286452565,13.1127135474346,""
"1588",416,420.155892069171,4.1558920691711,""
"1589",266,268.651088039867,2.65108803986715,""
"1590",507,501.355135658915,5.64486434108534,""
"1591",528,522.165286452566,5.83471354743438,""
"1592",507,506.492635658915,0.507364341085292,""
"1593",249,264.139083333333,15.1390833333333,""
"1594",473,466.25544121447,6.74455878552982,""
"1595",243,254.348878787879,11.3488787878788,""
"1596",443,445.553472416472,2.55347241647223,""
"1597",400,441.05216017316,41.0521601731601,""
"1598",247,251.125935541859,4.12593554185932,""
"1599",294,301.237817460318,7.2378174603175,""
"1600",245,248.408564102564,3.4085641025641,""
"1601",274,282.687085386388,8.68708538638782,""
"1602",284,280.055100325697,3.94489967430309,""
"1603",278,270.98849248256,7.01150751744041,""
"1604",237,245.547984487287,8.54798448728681,""
"1605",241,243.499260822511,2.49926082251079,""
"1606",246,248.854471459096,2.85447145909649,""
"1607",253,263.420392094017,10.4203920940171,""
"1608",279,284.009140941943,5.00914094194331,""
"1609",414,437.491896825397,23.4918968253969,""
"1610",346,347.30319047619,1.30319047619037,""
"1611",327,315.173534404192,11.8264655958078,""
"1612",239,246.323833333333,7.32383333333331,""
"1613",257,262.597753968254,5.59775396825404,""
"1614",251,253.348023809524,2.34802380952385,""
"1615",249,255.54519047619,6.54519047619047,""
"1616",503,489.401825757576,13.5981742424242,""
"1617",465,485.465646825397,20.4656468253967,""
"1618",261,274.010222222222,13.0102222222222,""
"1619",541,457.723348124098,83.276651875902,""
"1620",513,497.960277777778,15.0397222222222,""
"1621",461,432.618121933622,28.381878066378,""
"1622",325,338.894027777778,13.8940277777776,""
"1623",282,290.352699494949,8.35269949494943,""
"1624",253,274.471438888889,21.4714388888888,""
"1625",0,1.27999999999986,1.27999999999986,""
"1626",0,12.5326666666666,12.5326666666666,""
"1627",0,7.95899999999993,7.95899999999993,""
"1628",0,91.0953333333333,91.0953333333333,""
"1629",0,126.388666666667,126.388666666667,""
"1630",0,13.4324999999999,13.4324999999999,""
"1631",0,10.5579999999999,10.5579999999999,""
"1632",0,-1.50635059981141e-13,1.50635059981141e-13,""
"1633",0,36.4576666666666,36.4576666666666,""
"1634",0,11.4054999999999,11.4054999999999,""
"1635",0,9.20533333333321,9.20533333333321,""
"1636",0,1.67999999999988,1.67999999999988,""
"1637",0,2.07999999999989,2.07999999999989,""
"1638",0,16.6058333333332,16.6058333333332,""
"1639",0,2.75999999999986,2.75999999999986,""
"1640",0,1.1196774193547,1.1196774193547,""
"1641",0,1.73717741935473,1.73717741935473,""
"1642",0,6.87737499999991,6.87737499999991,""
